label;msg_stemmed
Negatif;['buka', 'memang', 'wisatawan', 'akses', 'kesini', 'sejak', 'buka', 'gak', 'ramai', 'dulu']
Netral;['buka', 'tengah', 'pandemi', 'covid', 'akhir', 'lalu', 'rata', 'rata', 'unjung', 'datang', 'kwj']
Negatif;['dapat', 'wisata', 'wilayah', 'taman', 'nasional', 'bromotenggersemeru', 'anjlok', 'selamapandemi', 'covid']
Negatif;['turun', 'sebab', 'tutup', 'kawasan', 'tnbts', 'sejak', 'maret', 'hingga', 'agustus', 'pandemi', 'covid']
Positif;['tempat', 'wisata', 'kota', 'malang', 'angsur', 'pulih', 'usai', 'covid', 'mulai', 'reda']
Negatif;['covid', 'lumpuh', 'sektor', 'pariwisata', 'kota', 'malang']
Netral;['wisata', 'kota', 'malang', 'covid', 'mulai', 'reda']
Positif;['masyarakat', 'kota', 'malang', 'mulai', 'sering', 'unjung', 'tempat', 'wisata', 'turun', 'angka', 'pandemi']
Positif;['wisata', 'kota', 'malang', 'semenjak', 'pandemi', 'dapat', 'prokes', 'hindar', 'sebar', 'virus', 'covid']
Negatif;['covid', 'pengaruh', 'kondisi', 'wisata', 'kota', 'malang']
Negatif;['semenjak', 'ppkm', 'wisata', 'kota', 'malang', 'alami', 'turun', 'jumlah', 'wisatawan']
Negatif;['wisata', 'kuliner', 'kota', 'malang', 'awal', 'pandemi', 'banyak', 'alami', 'rugi', 'karena', 'atur', 'ppkm']
Negatif;['jumlah', 'wisatawan', 'kota', 'malang', 'alami', 'turun', 'pengaruh', 'pad', 'kota', 'malang']
Negatif;['banyak', 'milik', 'wisata', 'kota', 'malang', 'alami', 'gulung', 'tikar', 'sejak', 'awal', 'covid']
Negatif;['ada', 'ppkm', 'buat', 'pariwisata', 'kota', 'malang', 'turun']
Negatif;['wisata', 'jatim', 'park', 'alami', 'turun', 'dapat', 'akibat', 'covid']
Negatif;['ekonomi', 'kota', 'malang', 'alami', 'turun', 'akibat', 'pariwisata', 'kota', 'malang', 'sepi', 'unjung']
Positif;['ekonomi', 'tempat', 'wisata', 'mulai', 'tingkat', 'iring', 'covid', 'mulai', 'redup']
Negatif;['pandemi', 'covid', 'akibat', 'turun', 'drastis', 'wisatawan', 'kunjung', 'kota', 'malang']
Negatif;['wisata', 'pandemi', 'larang', 'perintah', 'sebab', 'tular', 'sangat', 'cepat', 'pesat']
Positif;['tetap', 'guna', 'masker', 'pergi', 'wisata', 'kota', 'malang', 'keluarga', 'tetap', 'aman', 'sehat', 'hindar', 'covid']
Positif;['wisata', 'tetap', 'patuh', 'protokol', 'sehat', 'meski', 'pandemi', 'kendali']
Positif;['meski', 'atur', 'jarak', 'hapus', 'tetap', 'jaga', 'jarak', 'sendiri', 'hindar', 'tular', 'virus', 'covid', 'wisata', 'kota', 'malang']
Positif;['perlu', 'tingkat', 'guna', 'peduli', 'lindung', 'tempat', 'wisata', 'malang', 'lebih', 'mudah', 'lacak', 'ada', 'orang', 'papar', 'virus', 'covid']
Negatif;['sangat', 'sayang', 'tempat', 'wisata', 'malang', 'banyak', 'awat', 'gara', 'gara', 'covid', 'kemaren']
Positif;['beberapa', 'tempat', 'wisata', 'malang', 'libur', 'pandemi', 'jadi', 'sempat', 'renovasi', 'jadi', 'tempat', 'wisata', 'aman', 'arah']
Negatif;['pandemi', 'tempat', 'wisata', 'paksa', 'tetap', 'buka', 'tawar', 'harga', 'lebih', 'murah', 'tarik', 'unjung']
Negatif;['pandemi', 'covid', 'akibat', 'turun', 'drastis', 'wisatawan', 'kunjung', 'kota', 'malang']
Netral;['sejak', 'ada', 'ppkm', 'tempat', 'wisata', 'kota', 'malang', 'banyak', 'tutup']
Positif;['sekarang', 'wisata', 'kota', 'malang', 'mulai', 'pulih', 'banyak', 'datang', 'wisatawan']
Positif;['sejak', 'pandemi', 'covid', 'serang', 'wisatawan', 'senantiasa', 'pakai', 'masker']
Netral;['banyak', 'tempat', 'wisata', 'malang', 'batas', 'unjung', 'sekarang']
Positif;['sekarang', 'tempat', 'wisata', 'kota', 'malang', 'banyak', 'sedia', 'tempat', 'cuci', 'tangan']
Negatif;['banyak', 'wisatawan', 'batal', 'kunjung', 'kota', 'malang', 'soal', 'angka', 'positif', 'malang', 'sangat', 'tinggi']
Netral;['jadi', 'tutup', 'tempat', 'wisata', 'khusus', 'pantai', 'malang', 'selatan', 'pandemi']
Netral;['neng', 'banget', 'wisata', 'kota', 'malang', 'sayang', 'banget', 'pandemi', 'gin', 'banyak', 'tutup']
Negatif;['malang', 'biasa', 'suka', 'wisata', 'kuliner', 'gitu', 'sejak', 'pandemi', 'covid', 'gin', 'jadi', 'jarang', 'keluar']
Negatif;['akibat', 'covid', 'banyak', 'wisata', 'kota', 'malang', 'jadi', 'sepi']
Positif;['tahun', 'banyak', 'wisata', 'kota', 'malang', 'sekitar', 'mulai', 'operasi']
Positif;['meski', 'kondisi', 'pandemi', 'banyak', 'wisatawan', 'kunjung', 'wisata', 'kota', 'malang', 'penuh', 'protokol', 'sehat']
Positif;['wisata', 'kota', 'malang', 'mulai', 'ramai', 'pandemi', 'covid', 'mulai', 'reda']
Positif;['sejak', 'libur', 'sekolah', 'kemarin', 'banyak', 'wisatawan', 'kunjung', 'pantai', 'malang']
Netral;['masa', 'pandemi', 'covid', 'batu', 'secret', 'zoo', 'tetap', 'buka', 'ubah', 'harga', 'tiket', 'jam', 'operasional']
Positif;['sebar', 'virus', 'corona', 'makin', 'turun', 'wisata', 'kota', 'malang', 'mulai', 'buka', 'patuh', 'protokol', 'sehat', 'laku']
Positif;['tempat', 'wisata', 'pantai', 'malang', 'alami', 'tingkat', 'hasil', 'covid', 'hasil', 'lumpuh']
Netral;['beberapa', 'tempat', 'wisata', 'kota', 'malang', 'batas', 'unjung', 'sesuai', 'ppkm', 'laku']
Netral;['pandemi', 'sama', 'teman', 'unjung', 'wisata', 'gunung', 'bromo', 'malang']
Positif;['senang', 'sekali', 'pergi', 'luar', 'rumah', 'unjung', 'tempat', 'wisata', 'kota', 'malang', 'jangan', 'lupa', 'patuh', 'protokol', 'sehat', 'teman', 'teman']
Negatif;['pergi', 'sama', 'keluarga', 'wisata', 'pantai', 'selatan', 'malang', 'jadi', 'covid', 'sayang', 'sekali']
Positif;['senang', 'unjung', 'tempat', 'wisata', 'kota', 'malang', 'virus', 'covid', 'reda']
Netral;['walaupun', 'covid', 'mulai', 'turun', 'unjung', 'wisata', 'taman', 'main', 'kota', 'malang', 'patuh', 'protokol', 'sehat']
Negatif;['pandemi', 'covid', 'ada', 'puncak', 'kawasan', 'wisata', 'malang', 'sepi', 'unjung']
Positif;['wisata', 'alam', 'maupun', 'buat', 'kota', 'malang', 'mulai', 'operasi', 'pasca', 'turun', 'sakit', 'covid']
Netral;['kasus', 'covid', 'tingkat', 'kini', 'vaksin', 'booster', 'wajib', 'warga', 'malang', 'hendak', 'pergi', 'maupun', 'libur', 'tempat', 'wisata', 'dekat']
Negatif;['banyak', 'jumpa', 'bagai', 'tempat', 'wisata', 'ada', 'malang', 'masyarakat', 'mulai', 'lepas', 'masker', 'jaga', 'jarak']
Positif;['takut', 'naik', 'kasus', 'covid', 'buat', 'warga', 'kota', 'malang', 'aktif', 'program', 'ppkm']
Negatif;['bukan', 'tempat', 'wisata', 'sepi', 'hilang', 'wisatawannya', 'dagang', 'sekitar', 'tempat', 'wisata', 'hilang', 'pasu', 'naik', 'covid']
Positif;['antusias', 'warga', 'kota', 'malang', 'sangat', 'asa', 'beberapa', 'tempat', 'wisata', 'mulai', 'buka', 'warga', 'dihimbau', 'tetap', 'patuh', 'prokes']
Netral;['malang', 'masjid', 'jam', 'sama', 'gereja', 'dempet', 'seberang', 'alun', 'alun', 'kota', 'kalau', 'pas', 'corona', 'rame', 'mau', 'siangmalem', 'jadi', 'tempat', 'wisata', 'keluarga', 'orang', 'gelar', 'tiker', 'kayak', 'piknik', 'anak', 'main', 'orang', 'jual', 'keliling', 'duh', 'jadi', 'pingin', 'kayak', 'dulu', 'wee']
Netral;['kalo', 'utk', 'wisata', 'selalu', 'siap', 'pak', 'mantap', 'kali', 'lah', 'negeri', 'sabtu', 'minggu', 'kl', 'waktu', 'main', 'batu', 'malang', 'jatim', 'pak', 'sana', 'ga', 'corona', 'virus', 'kl', 'sabtu', 'minggu', 'aman', 'aman']
Positif;['mas', 'ken', 'masuk', 'feb', 'ui', 'tp', 'lolos', 'sbm', 'ub', 'aja', 'gpp', 'soal', 'feb', 'ub', 'kata', 'bagus', 'trs', 'ken', 'lan', 'jalan', 'malang', 'jg', 'kata', 'banyak', 'tempat', 'wisata', 'alam', 'bagosssss', 'aduh', 'corona', 'kapan', 'ilang']
Netral;['baik', 'dongzz', 'masukkk', 'cuman', 'wisata', 'rohani', 'virtual', 'gituu', 'padhal', 'kalo', 'engga', 'corona', 'harus', 'gwe', 'malang']
Netral;['malang', 'sejak', 'jumat', 'wisata', 'geliat', 'hotel', 'ramai', 'cafe', 'resto', 'ramai', 'emang', 'corona']
Netral;['gua', 'ken', 'wisata', 'kuliner', 'ken', 'late', 'night', 'drive', 'sama', 'orang', 'yg', 'sayang', 'ken', 'malang', 'ken', 'solo', 'travelling', 'negara', 'orang', 'ken', 'salon', 'ken', 'me', 'time', 'mall', 'ken', 'ken', 'banyak', 'yg', 'ken', 'gua', 'lakuin', 'corona', 'kapan', 'kelar', 'brengseq', 'capek', 'gua']
Netral;['pernah', 'ngalamin', 'udah', 'rencana', 'duluan', 'bakal', 'pergi', 'malangbakal', 'pantai', 'liat', 'sunseteksplor', 'wisata', 'bakal', 'kunjung', 'corona', 'ilang', 'udah', 'ngilang', 'duluan']
Negatif;['warkop', 'brewok', 'kedawung', 'maeng', 'toke', 'wis', 'ngeringkes', 'tempat', 'duduk', 'min', 'gak', 'ono', 'sing', 'nyangkruk', 'podo', 'akeh', 'wisatawan', 'nang', 'malang', 'selatan', 'olep', 'tenan', 'jamaah', 'wisata', 'corona', 'iuuu']
Netral;['cegah', 'sebar', 'corona', 'tempat', 'wisata', 'malang', 'raya', 'tutup']
Negatif;['objek', 'wisata', 'malang', 'batu', 'tutup', 'corona']
Netral;['update', 'virus', 'corona', 'malang', 'hari', 'daftar', 'lokasi', 'wisata', 'tutup', 'jatim', 'park', 'selecta']
Netral;['bagai', 'upaya', 'cegah', 'virus', 'corona', 'terus', 'laku', 'belum', 'sekolah', 'tempat', 'wisata', 'libur', 'kemarin', 'gilir', 'rumah', 'sakit', 'saiful', 'anwar', 'rssa', 'malang', 'libur', 'alias', 'tiada', 'jam', 'besuk', 'pasien']
Positif;['tempat', 'tempat', 'wisata', 'kota', 'malang', 'mulai', 'tutup', 'akses', 'kunjung', 'susul', 'perintah', 'langsung', 'wali', 'kota', 'malang', 'sutiaji', 'kena', 'tindak', 'kesiapsiagaan', 'hadap', 'ancam', 'virus', 'corona', 'covid']
Positif;['yok', 'malang', 'sekitar', 'yok', 'wong', 'wong', 'wes', 'podo', 'sumpek', 'pingin', 'wisata', 'sing', 'tetep', 'jalan', 'protokol', 'sehat']
Positif;['desa', 'tulungrejo', 'siap', 'segala', 'fasilitas', 'tunjang', 'protokol', 'sehat', 'tuju', 'wisata', 'salah', 'satu', 'desa', 'tuju', 'wisata', 'tulungrejo', 'rupa', 'tempat', 'cukup', 'banyak', 'kunjung', 'wisatawan']
Positif;['area', 'kota', 'uji', 'coba', 'siap', 'protokol', 'sehat']
Positif;['ppkm', 'panjang', 'dine', 'in', 'jadi', 'menit', 'tempat', 'wisata', 'buka', 'laku', 'uji', 'coba', 'buka', 'tempat', 'wisata', 'dgn', 'protokol', 'sehat']
Positif;['laku', 'uji', 'coba', 'buka', 'tempat', 'wisata', 'kota', 'level', 'terap', 'protokol', 'sehat', 'ketat', 'implementasi', 'platform', 'pedulilindungi']
Positif;['kasus', 'covid', 'naik', 'protokol', 'sehat', 'tempat', 'wisata', 'malang', 'ketat']
Netral;['jgn', 'mudik', 'bilang', 'aja', 'wisata', 'patuh', 'protokol', 'sehat', 'malang']
Netral;['gak', 'perlu', 'sam', 'aman', 'malang', 'mau', 'nginep', 'kluar', 'masuk', 'tempat', 'wisata', 'sing', 'penting', 'ngikutin', 'protokol', 'sehat', 'pakai', 'masker', 'makan', 'yg', 'enak', 'insyallah', 'tahes']
Positif;['buat', 'tim', 'agen', 'wisata', 'yg', 'malang', 'banyuwangi', 'ttp', 'semangat', 'wisatawan', 'yg', 'malang', 'banyuwangi', 'ttp', 'sehat', 'semangat', 'biaya', 'makin', 'bengkak', 'krn', 'highseason', 'protokol', 'sehat', 'makin', 'ketat', 'moga', 'ga', 'turun', 'niat', 'utk', 'ttp', 'wisata', 'dgn', 'semangat']
Netral;['wajib', 'utk', 'rapid', 'test', 'unjung', 'wisata', 'ditulungagung', 'malang', 'semarang', 'jogja', 'terap', 'protokol', 'sehat', 'spt', 'pakai', 'masker', 'cuci', 'tangan', 'handsanityzer', 'jaga', 'jarak']
Positif;['meski', 'tengah', 'pandemi', 'usaha', 'sektor', 'wisata', 'terus', 'putar', 'otak', 'tetap', 'eks', 'tetap', 'depan', 'protokol', 'sehat', 'malang', 'jawa', 'timur', 'cil']
Positif;['monggo', 'langsung', 'gassudah', 'buka', 'gaes', 'tetappatuhi', 'anjur', 'protokol', 'sehat', 'perintah', 'tanya', 'tanya', 'paket', 'wisata', 'malang', 'raya', 'bromokawah', 'ijen', 'meru', 'transportasi', 'porter', 'guide']
Positif;['terap', 'sanksi', 'denda', 'langgar', 'protokol', 'sehat', 'objek', 'objek', 'wisata', 'tahap', 'kaji', 'perintah', 'kabupaten', 'pemkab', 'malang']
Negatif;['pasar', 'wisata', 'belanja', 'tugu', 'kota', 'malang', 'buka', 'protokol', 'sehat', 'banyak', 'langgar']
Positif;['tempat', 'wisata', 'khusus', 'malang', 'sedikit', 'sedikit', 'mulai', 'buka', 'umum', 'protokol', 'sehat', 'siap', 'layan', 'jalan', 'wisata', 'armada', 'andal', 'tak', 'wisata', 'perlu']
Positif;['iring', 'dg', 'ubah', 'situasi', 'kini', 'kota', 'malang', 'kait', 'jumlah', 'tempat', 'olahraga', 'jasa', 'wisata', 'yg', 'sdh', 'verifikasi', 'sdh', 'buka', 'dg', 'terap', 'protokol', 'sehat', 'serah', 'surat', 'verifikasi', 'laku', 'ka', 'rabu']
Positif;['besok', 'kawasan', 'wisata', 'sehat', 'hawa', 'group', 'malang', 'buka', 'ikut', 'protokol', 'sehat', 'tentu', 'jangan', 'lupa', 'bawa', 'perlu', 'pribadi', 'alat', 'makan', 'minum', 'pribadi', 'alat', 'sholat', 'handsanitiser', 'salam', 'tahes']
Netral;['objek', 'wisata', 'malang', 'raya', 'udah', 'mulai', 'buka', 'nih', 'people', 'tetep', 'patuh', 'protokol', 'sehat', 'ngomongin', 'libur', 'kapan', 'libur', 'akhir', 'people', 'corona', 'serang']
Netral;['unit', 'usaha', 'yg', 'patuh', 'protokol', 'sehat', 'larang', 'operasi', 'transisi', 'malang', 'sedia', 'thermo', 'gun', 'hand', 'sanitizer', 'tempat', 'cuci', 'tangan', 'destinasi', 'wisata', 'buka', 'maksimal', 'kunjung', 'persen']
Netral;['babinsa', 'imbau', 'unjung', 'wisata', 'pantai', 'lon', 'malang', 'patuh', 'prokes']
Negatif;['kapolres', 'malang', 'kelola', 'wisata', 'jangan', 'untung', 'abai', 'prokes']
Negatif;['wisata', 'malang', 'memang', 'buka', 'prokes', 'ketat', 'surat', 'dr', 'pemkotpemda', 'karna', 'tau', 'banyak', 'langgar', 'prokes']
Netral;['angin', 'segar', 'wisata', 'nataru', 'wisata', 'longgar', 'pemda', 'tetap', 'awas', 'prokes', 'new', 'malang', 'pos', 'angin', 'segar', 'wisata', 'akhir', 'tahun', 'lama', 'libur', 'natal', 'tahun', 'baru', 'nataru', 'tempat', 'wisata', 'malang', 'raya', 'longgar', 'kelola', 'destinasi', 'wisata']
Negatif;['langgar', 'prokes', 'kapolres', 'malang', 'tutup', 'wisata', 'wbl']
Netral;['kayae', 'seh', 'tpi', 'batas', 'malang', 'ppkm', 'lvl', 'buka', 'wisata', 'prokes', 'cmiiw']
Positif;['siap', 'selalu', 'jaga', 'prokes', 'nawak', 'ngalam', 'jelang', 'buka', 'bbrp', 'wisata', 'malang', 'raya', 'uji', 'coba', 'buka', 'wisata', 'pasca', 'ppkm']
Negatif;['laku', 'wisata', 'kabupaten', 'malang', 'siap', 'terap', 'prokes', 'ketat', 'boleh', 'buka']
Netral;['selamat', 'sore', 'monggo', 'simak', 'bijak', 'ganjil', 'genap', 'adl', 'bagi', 'dr', 'uji', 'coba', 'prokes', 'pd', 'tempat', 'wisata', 'tentu', 'sesuai', 'inmendagri', 'pd', 'waktu', 'tentu', 'koridor', 'tentu', 'darimenuju', 'tempat', 'wisata', 'jd', 'bukan', 'semua', 'jalan', 'semua', 'waktu']
Netral;['guys', 'kurleb', 'thn', 'aku', 'off', 'dunia', 'wisata', 'pandemi', 'skg', 'aku', 'mulai', 'nih', 'tentu', 'skg', 'prokes', 'utk', 'akomodasi', 'selalu', 'steril', 'dipake', 'yuk', 'yg', 'mau', 'bromo', 'ijen', 'malang', 'bal', 'tanya', 'dm', 'aku']
Positif;['kapolres', 'malang', 'akbp', 'hendri', 'umar', 'pasti', 'langgar', 'protokol', 'sehat', 'prokes', 'covid', 'lama', 'libur', 'lebaran', 'maupun', 'tempat', 'tempat', 'wisata']
Positif;['balai', 'besar', 'pemdes', 'malang', 'pantau', 'terap', 'ppkm', 'tempat', 'wisata', 'jatim', 'teknologiwebidbalai', 'besar', 'pemdes', 'malang', 'pantau', 'terap', 'ppkm', 'tempat', 'wisata', 'jatim']
Negatif;['walkot', 'malang', 'iki', 'koyoke', 'bocor', 'alus', 'kapanane', 'ppkm', 'wisata', 'tutup', 'kabeh', 'malah', 'piknik', 'ng', 'balekambang', 'mggu', 'wing', 'jare', 'rapat', 'ng', 'karo', 'gubernur', 'tibae', 'lancong', 'ng', 'merapiwargae', 'sampek', 'ngomel']
Negatif;['akses', 'wisata', 'bromo', 'malang', 'tetap', 'buka', 'meski', 'status', 'ppkm', 'naik']
Negatif;['meski', 'status', 'ppkm', 'naik', 'akses', 'wisata', 'bromo', 'malang', 'tetapdibuka', 'malah', 'keruh', 'pandemi']
Negatif;['tempat', 'wisata', 'serbu', 'alun', 'alun', 'bobol', 'new', 'malang', 'pos', 'libur', 'natal', 'tepat', 'akhir', 'pekan', 'banyak', 'wisatawan', 'kunjung', 'malang', 'raya', 'batal', 'ppkm', 'level', 'bawa', 'berkah', 'kelola', 'tempat', 'wisata', 'wisata', 'serbu', 'alun', 'alun', 'bobol']
Netral;['wisata', 'kota', 'malang', 'buka', 'kapasitas', 'persen', 'ppkm', 'level']
Positif;['kabar', 'gembira', 'warga', 'malang', 'raya', 'perintah', 'pusat', 'batal', 'rencana', 'terap', 'ppkm', 'level', 'libur', 'natal', 'tahun', 'baru', 'nataru', 'perintah', 'kota', 'malang', 'akhir', 'tetap', 'buka', 'lokasi', 'wisata']
Netral;['jumlah', 'tempat', 'wisata', 'kota', 'malang', 'tutup', 'lama', 'terap', 'ppkm', 'level', 'libur', 'natal', 'tahun', 'baru']
Negatif;['ppkm', 'level', 'libur', 'nataru', 'laku', 'wisata', 'malang', 'raya', 'kelimpungan']
Netral;['ppkm', 'level', 'laku', 'wisata', 'minta', 'tutup', 'ikut', 'kata', 'perintah', 'penting', 'solusi', 'kata']
Netral;['wali', 'kota', 'malang', 'sutiaji', 'tegas', 'pihak', 'dukung', 'langkah', 'perintah', 'pusat', 'sebut', 'sesuai', 'atur', 'ppkm', 'level', 'wisata', 'taman', 'tutup', 'ujat', 'sutiaji', 'sabtu', 'pagi', 'objek', 'wisata', 'taman', 'kota', 'malang', 'tutup', 'mall', 'buka']
Netral;['level', 'terap', 'perintah', 'pusat', 'seluruh', 'wilayah', 'indonesia', 'belum', 'kota', 'malang', 'benar', 'turun', 'ppkm', 'level', 'karena', 'obyek', 'wisata', 'taman', 'boleh', 'kunjung', 'warga']
Netral;['objek', 'wisata', 'taman', 'kota', 'malang', 'tutup', 'sempat', 'buka', 'objek', 'wisata', 'taman', 'kota', 'malang', 'tutup', 'kini', 'tak', 'lepas', 'laku', 'batas', 'giat', 'masyarakat', 'ppkm']
Netral;['ppkm', 'level', 'tempat', 'wisata', 'taman', 'kota', 'malang', 'tutup']
Netral;['perintah', 'terap', 'ppkm', 'level', 'seluruh', 'wilayah', 'indonesia', 'kota', 'malang', 'tutup', 'beberapa', 'taman', 'wisata']
Netral;['wisata', 'gunung', 'bromo', 'kunjung', 'via', 'malang', 'turun', 'ppkm', 'level']
Positif;['perintah', 'kota', 'malang', 'jawa', 'timur', 'ingat', 'masyarakat', 'tetap', 'waspada', 'meski', 'kasus', 'covid', 'turun', 'pasal', 'potensi', 'tinggi', 'tular', 'jadi', 'mal', 'objek', 'wisata', 'tempat', 'kuliner', 'ppkm', 'level', 'mulai', 'buka']
Netral;['permisi', 'orang', 'dagang', 'pantai', 'wisata', 'malang', 'selatan', 'ingat', 'kab', 'malang', 'ppkm', 'level', 'wisata', 'buka', 'mohon', 'info', 'surat', 'edar', 'bupati', 'adakeluar', 'terima', 'kasih']
Netral;['kota', 'malang', 'ppkm', 'level', 'laku', 'wisata', 'harap', 'okupansi', 'naik']
Positif;['pemkot', 'boleh', 'anak', 'anak', 'main', 'mal', 'tempat', 'wisata', 'kota', 'malang', 'sesuai', 'inmendagri', 'nomor', 'kota', 'malang', 'terap', 'laku', 'batas', 'giat', 'masyarakat', 'ppkm', 'level']
Positif;['masuk', 'level', 'ppkm', 'sandiaga', 'uno', 'fasilitas', 'buka', 'destinasi', 'wisata', 'malang']
Netral;['waduh', 'kerja', 'pp', 'rs', 'rumah', 'pak', 'kurang', 'update', 'info', 'wisata', 'seperti', 'banyak', 'yg', 'tutup', 'ingat', 'ppkm', 'kota', 'batu', 'malang', 'naik', 'jadi', 'level', 'lengkap', 'mungkin', 'mimin']
Positif;['malang', 'tunggu', 'longgar', 'ppkm', 'anak', 'usia', 'bawah', 'tahun', 'masuk', 'mal', 'tempat', 'wisata']
Negatif;['buntut', 'panjang', 'giat', 'gowes', 'wali', 'kota', 'serta', 'jabat', 'pemkot', 'malang', 'nekad', 'terobos', 'masuk', 'kawasan', 'wisata', 'pantai', 'kondang', 'merak', 'ppkm', 'level']
Negatif;['jabat', 'harus', 'jadi', 'contoh', 'masyarakat', 'hidup', 'hari', 'hari', 'nyata', 'tak', 'laku', 'wali', 'kota', 'malang', 'diri', 'gowes', 'masuk', 'area', 'wisata', 'tutup', 'ppkm', 'level', 'kalau', 'masyarakat', 'sanksi', 'masa', 'jabat']
Negatif;['tenang', 'tenang', 'abis', 'bakal', 'kasih', 'klarifikasi', 'tetep', 'santai', 'langgar', 'prokes', 'kalau', 'berkungjung', 'wisata', 'malang']
Negatif;['destinasi', 'wisata', 'malang', 'raya', 'paksa', 'tutup', 'lama', 'ppkm', 'darurat']
Positif;['kasus', 'pandemi', 'makin', 'tingkat', 'aman', 'selamat', 'sama', 'seluruh', 'destinasi', 'wisata', 'kota', 'malang', 'tutup', 'lama', 'ppkm', 'darurat', 'juli']
Netral;['efek', 'ppkm', 'yg', 'panjang', 'terus', 'terus', 'sya', 'laku', 'pariwisata', 'jual', 'rumah', 'wisata', 'bukit', 'sentul', 'lawang', 'malang', 'gk', 'rasa', 'uda', 'hampir', 'bln', 'lama', 'ppkm', 'terap', 'pandemi', 'memang', 'luar', 'biasa', 'dampak', 'utk', 'semua']
Negatif;['laku', 'jabat', 'malkot', 'ker', 'rasa', 'paling', 'kuasa', 'paksa', 'masuk', 'wisata', 'pantai', 'selatan', 'malang', 'saat', 'tutup', 'ppkm', 'level']
Netral;['bupati', 'malang', 'tak', 'pernah', 'ijinkan', 'wisata', 'pantai', 'buka', 'lama', 'ppkm', 'level']
Negatif;['wisata', 'malang', 'tutup', 'ppkm', 'aku', 'ngotot', 'masuk', 'cek', 'cok', 'lah', 'sama', 'jaga', 'akhir', 'lahh', 'masuk', 'serta', 'tes', 'pcr', 'aku', 'ga', 'mau', 'kekeuh', 'yg', 'aku', 'mau', 'jadi', 'pcr']
Negatif;['padahal', 'batu', 'zona', 'merah', 'peta', 'malang', 'raya', 'ppkm', 'level', 'hri', 'minggu', 'kemarin', 'gila', 'kendara', 'luar', 'kota', 'masuk', 'barier', 'batas', 'udah', 'ga', 'jd', 'yaa', 'ga', 'batas', 'sama', 'sekali', 'padahal', 'lokasi', 'wisata', 'tutup', 'semua']
Netral;['ngulik', 'malang', 'wisata', 'gunung', 'bromo', 'malang', 'milik', 'banyak', 'juluk', 'salah', 'satu', 'kota', 'wisata', 'bromo', 'rupa', 'salah', 'satu', 'tempat', 'wajib', 'kunjung', 'kunjung', 'malang', 'ppkm', 'darurat', 'jawa', 'bal', 'kawasan', 'tutup', 'juli']
Negatif;['uwong', 'nang', 'grup', 'fb', 'malang', 'raya', 'tambah', 'bingung', 'wisata', 'padahal', 'ppkm', 'wes', 'kate', 'laksana']
Netral;['status', 'ppkm', 'malang', 'raya', 'masuk', 'kota', 'batu', 'turun', 'level', 'tempat', 'wisata', 'buka']
Netral;['atur', 'wisata', 'malang', 'lama', 'ppkm', 'level', 'laku', 'desember', 'hingga', 'januari']
Negatif;['jerit', 'wisata', 'kampung', 'tematik', 'kota', 'malang', 'tutup', 'lantar', 'laku', 'ppkm', 'wisata', 'kampung', 'tematik', 'kota', 'malang', 'tutup', 'lantar', 'laku', 'ppkm']
Netral;['wisata', 'kampung', 'tematik', 'kota', 'malang', 'tutup', 'lama', 'ppkm', 'darurat', 'banyak', 'destinasi', 'wisata', 'kampung', 'tematik', 'kota', 'malang', 'tutup', 'ppkm', 'darurat', 'jawa', 'bal', 'tanggal', 'hingga', 'juli']
Negatif;['wisata', 'gunung', 'bromo', 'malang', 'kunjung', 'ppkm', 'level', 'tak', 'kunjung', 'usai', 'banyak', 'masyarakat', 'ceroboh', 'nekat', 'masuk', 'kesana']
Negatif;['waktu', 'ppkm', 'rugi', 'banget', 'wisata', 'wisata', 'malang']
Negatif;['banyak', 'wisatawan', 'tida', 'pakai', 'masker', 'tempat', 'wisata', 'malang']
Negatif;['banyak', 'unjung', 'masuk', 'area', 'wisata', 'jaga', 'ketat', 'banyak', 'warga', 'masuk', 'sabar', 'serobot', 'brutal']
Negatif;['sebernya', 'pedulilindungi', 'sangat', 'penting', 'guna', 'kunjung', 'tempat', 'wisata', 'malang', 'banyak', 'banget', 'guna']
Negatif;['kapan', 'pandemi', 'akhir', 'ken', 'banget', 'wisata', 'malang', 'gabisabisa']
Negatif;['orang', 'orang', 'ga', 'pake', 'masker', 'jadi', 'was', 'was', 'keluar', 'mau', 'wisata']
Negatif;['ngeliat', 'berita', 'tv', 'yg', 'corona', 'jadi', 'takut', 'banget', 'mau', 'wisata', 'malang']
Positif;['corona', 'dah', 'selesai', 'nih', 'ayo', 'wisata', 'naik', 'kereta', 'malang']
Negatif;['kalo', 'main', 'malang', 'gabisa', 'seperti', 'corona', 'makin', 'sebar']
Netral;['tutup', 'kota', 'wisata', 'malang', 'akibat', 'dampak', 'tingkat', 'jumlah', 'kasus', 'baru', 'covid', 'varian', 'omicron', 'jadi', 'pukul', 'keras', 'pariwisata', 'malang', 'belum', 'malang', 'sempat', 'tutup', 'wilayah', 'khusus', 'malang', 'rupa', 'destinasi', 'wisata', 'utama', 'malang', 'sebut']
Negatif;['pandu', 'wisata', 'kota', 'malang', 'mulai', 'bangkrut', 'dampak', 'pandemi', 'covid']
Netral;['karanganyar', 'sertu', 'suparman', 'babinsa', 'koramil', 'tasikmadu', 'laksana', 'komsos', 'sama', 'bpritwan', 'karyawan', 'agro', 'wisata', 'sondokoro', 'desa', 'ngijo', 'tasikmadu', 'malang', 'bahas', 'aman', 'wisata', 'sondokoro', 'menghimbau', 'selalu', 'taat', 'protokol', 'sehat', 'cegah', 'covid', 'cara']
;['karanganyar', 'sertu', 'suparman', 'babinsa', 'koramil', 'tasikmadu', 'laksana', 'komsos', 'sama', 'bpritwan', 'karyawan', 'agro', 'wisata', 'sondokoro', 'desa', 'ngijo', 'tasikmadu', 'malang', 'bahas', 'aman', 'wisata', 'sondokoro', 'menghimbau', 'selalu', 'taat', 'protokol', 'sehat', 'cegah', 'covid', 'cara', 'netral']
